outer_seed,arm,auc,final_regret,target_attainment,capped_target_evaluations,candidate_invalid_trajectories,fallback_trajectories,selection_index,source_sha256
16411,A0,0.14706553587888063,0.0269903938933352,0.5,22.958333333333332,0,0,-1,5b74e5a3fe2fc90fcb42a603b058fa7befbf65f38775caa77acd30cdf619b640
16411,I,0.0885151244119526,0.014975366858174266,0.5416666666666666,22.958333333333332,0,0,7,89a70026927ede2318b807217bdf6fdaf4de587500e95952fbab67a290ad8b0f
16411,C,0.048730603315638936,0.00019750374991104832,1,11.166666666666666,0,0,6,03fb76c2983bc7d7f856e2b54661ed3b7dc5a019fb6efc33879c8002656f76a4
16411,R,0.0569535547432238,0.0029972946856220875,0.875,14.416666666666666,0,0,7,40567fda87a2734f31a680db90e54d5f975a73b7930bc487be821d0cc5c9f243
16411,W,0.11478023788568874,0.01815237275645583,0.7916666666666666,20.416666666666668,0,0,7,0dbee9c94b5e5efc9a9cdca66a9bc31175f95d7731d62c1461c290813759b653
16411,B2,0.032320766487945414,0.014444999765826373,0.625,17.791666666666668,0,0,,958fbb12279a15966bf1ffa45ddffc7cd5f946ca800a3fe2b8e132a150c5c190
16423,A0,0.14334569615867312,0.027134179553972165,0.6666666666666666,19.083333333333332,0,0,-1,5b74e5a3fe2fc90fcb42a603b058fa7befbf65f38775caa77acd30cdf619b640
16423,I,0.0991530633596627,0.013204466630187737,0.5833333333333334,22.5,0,0,2,18d947b01f6b715e793cbf0b629fc6827c99814a3bd97f307802c948b070a91b
16423,C,0.07307463197178905,0.0010428511840148533,0.9583333333333334,11.041666666666666,0,0,4,542b06a9be2429dc27a0c8f79b0164c02fa079dfbe868b35e0424f92fa026778
16423,R,0.09289959615131498,0.0468250240753666,0.5416666666666666,23.375,0,0,6,65a614e9dbde2d2400ba8832c7416d1ac30ca39730de3d195aef73b087b9a2b4
16423,W,0.12470247019007012,0.02193176560359726,0.625,21.791666666666668,0,0,7,f089c84a0a2c5169c984d75f3615fd4c6602fba366d827262bdbf20486ecc4d7
16423,B2,0.030315606482692128,0.01548410938416768,0.625,19.666666666666668,0,0,,958fbb12279a15966bf1ffa45ddffc7cd5f946ca800a3fe2b8e132a150c5c190
16437,A0,0.22416666320232717,0.01821015234898313,0.5416666666666666,23.666666666666668,0,0,-1,5b74e5a3fe2fc90fcb42a603b058fa7befbf65f38775caa77acd30cdf619b640
16437,I,0.019061952329778774,0.004400370068866716,0.875,13.041666666666666,0,0,1,7f8e3ad93db61ae806a9fee9e927d13310d6e15deaf6937328a4f8b03a9b9d2e
16437,C,0.05228305495349836,0.0008980949031475307,1,12.375,0,0,4,8b76006651ba0f63d02a15f8977cfb5b94a4270f8c2df945450c62acb01d8058
16437,R,0.09534079992837387,0.02042282658664941,0.5833333333333334,22.416666666666668,0,0,4,273282cda608b8c4822f5485a57996977dfa3960c439debd646ccdfb692ebecf
16437,W,0.08572659975932606,0.017686676139233245,0.5833333333333334,23.5,0,0,0,967bd31138a654a7e203501ad068e9c011b96a8071b7d10edb904d54959b1a99
16437,B2,0.03235321733625798,0.014490274400613087,0.6666666666666666,17.958333333333332,0,0,,958fbb12279a15966bf1ffa45ddffc7cd5f946ca800a3fe2b8e132a150c5c190
16441,A0,0.19922391546413534,0.039556593029603244,0.5416666666666666,24.458333333333332,0,0,-1,5b74e5a3fe2fc90fcb42a603b058fa7befbf65f38775caa77acd30cdf619b640
16441,I,0.10253902528875665,0.0033548043972452153,0.9166666666666666,13,0,0,0,6941279c4811f9c4dafebe32c4ea1364c21cc282a0cf4a9866ebdc534591c61b
16441,C,0.01617665404583922,0.0001621138424134935,1,9.666666666666666,0,0,7,9a2716c0133663fc63317ba44ea10788505dab3d2bce4a6bbca73a42fca2c13d
16441,R,0.14625512410861438,0.03239314736291867,0.5833333333333334,22.833333333333332,0,0,7,fcabb956294ef66c414d4a20c8be3a3f59914940703da35481f2e2aa1244ade9
16441,W,0.15844276439608906,0.06123027389859369,0.375,25.583333333333332,0,0,2,78153f21e74f965b4756c1c0491ecde9ffe884dbd05a55d5bb3ab6475574b7c2
16441,B2,0.03146878800719422,0.014735948340287849,0.5,21.791666666666668,0,0,,958fbb12279a15966bf1ffa45ddffc7cd5f946ca800a3fe2b8e132a150c5c190
16453,A0,0.18260477422879817,0.022418831031755185,0.5,24.166666666666668,0,0,-1,5b74e5a3fe2fc90fcb42a603b058fa7befbf65f38775caa77acd30cdf619b640
16453,I,0.057486440347618635,0.002283093624658101,0.9583333333333334,13.208333333333334,0,0,4,43f0054fe091d893299454d0322b407322f51f0bb6f5b064c8894370acf2b9ee
16453,C,0.07434807366877418,0.012189450988730557,0.5416666666666666,21.041666666666668,0,0,5,33c1a1064802d580860fe5648f8abe0a81a3bcf218968b1fbd69506afcb435d4
16453,R,0.18260477422879817,0.022418831031755185,0.5,24.166666666666668,0,0,-1,5b74e5a3fe2fc90fcb42a603b058fa7befbf65f38775caa77acd30cdf619b640
16453,W,0.07198907068775794,0.00880254306606347,0.75,19.5,0,0,6,befe80644d8078d824d4210ff14420d573fb864365b8db3182f2982187e622f5
16453,B2,0.03190218344787119,0.010598006207396808,0.7083333333333334,17.333333333333332,0,0,,958fbb12279a15966bf1ffa45ddffc7cd5f946ca800a3fe2b8e132a150c5c190
16467,A0,0.17957041477907068,0.029336643065855237,0.625,23.041666666666668,0,0,-1,5b74e5a3fe2fc90fcb42a603b058fa7befbf65f38775caa77acd30cdf619b640
16467,I,0.09680241672220602,0.0020539827025786916,0.9583333333333334,13.208333333333334,0,0,6,d2cc3dc879a47fce40cb13c91dac15e5b5a02564a4e755d6c86d62791a1d0dc8
16467,C,0.020915861860674446,0.0013885471517225507,1,8.875,0,0,3,bf00204cecf90c5f24318562b05097ae63b522bc65d98826b65a40bac32a440b
16467,R,0.16104802456136005,0.022451102226037203,0.5833333333333334,23.875,0,0,2,9a8dfe5890b2ae04ff00175218d1ecea91beee1189aa6ce0524acbefe53500e2
16467,W,0.11985094252552018,0.03984596093213493,0.4583333333333333,23.791666666666668,0,0,3,803ba3e415b0ccdddaee4cedc4d2916b25d3aacee5c8785829a10baa32aaf19d
16467,B2,0.03143750237525434,0.015956137025376467,0.6666666666666666,16.333333333333332,0,0,,958fbb12279a15966bf1ffa45ddffc7cd5f946ca800a3fe2b8e132a150c5c190
