outer_seed,arm,allocated_responses,eligible_generated,ineligible_generated,selected_seed,train_allocations,validation_allocations
16411,I,8,8,0,0,432,216
16411,C,8,8,0,0,432,216
16411,R,8,6,2,0,432,216
16411,W,8,8,0,0,432,216
16423,I,8,8,0,0,432,216
16423,C,8,7,1,0,432,216
16423,R,8,8,0,0,432,216
16423,W,8,8,0,0,432,216
16437,I,8,8,0,0,432,216
16437,C,8,7,1,0,432,216
16437,R,8,7,1,0,432,216
16437,W,8,6,2,0,432,216
16441,I,8,8,0,0,432,216
16441,C,8,8,0,0,432,216
16441,R,8,8,0,0,432,216
16441,W,8,7,1,0,432,216
16453,I,8,7,1,0,432,216
16453,C,8,6,2,0,432,216
16453,R,8,6,2,1,432,216
16453,W,8,7,1,0,432,216
16467,I,8,7,1,0,432,216
16467,C,8,8,0,0,432,216
16467,R,8,6,2,0,432,216
16467,W,8,7,1,0,432,216
